Name,County,Latitude,Longitude,Description
Petaluma (HQ),Sonoma County,38.2324,-122.6367,Green Core Heating & Air HQ — serving Petaluma homes with heat pumps, AC, furnace, mini split, and ductwork services.
Rohnert Park,Sonoma County,38.3396,-122.7011,Serving Rohnert Park homes with HVAC systems designed for consistent comfort and reliable airflow.
Cotati,Sonoma County,38.3266,-122.7094,Serving Cotati homes with HVAC systems designed for cool mornings, warm afternoons, and consistent everyday comfort.
Santa Rosa,Sonoma County,38.4404,-122.7141,Serving Santa Rosa neighborhoods from downtown and Railroad Square to Bennett Valley and Fountaingrove.
Sebastopol,Sonoma County,38.4021,-122.8238,Serving Sebastopol and west county homes where moisture control, airflow, and efficient heating matter.
Novato,Marin County,38.1074,-122.5697,Serving Novato homes from downtown to hillside neighborhoods with balanced HVAC and heat pump solutions.
San Rafael,Marin County,37.9735,-122.5311,Serving San Rafael homes — from downtown to Terra Linda — with heating and cooling built for varied conditions.
Mill Valley,Marin County,37.906,-122.5449,Serving Mill Valley homes where coastal fog, redwoods, and hillside layouts make consistency essential.
Tiburon,Marin County,37.8732,-122.4561,Serving Tiburon homes with quiet, efficient HVAC systems designed for hillside and waterfront properties.
